[
	{
		"inputs": [],
		"stateMutability": "nonpayable",
		"type": "constructor"
	},
	{
		"anonymous": false,
		"inputs": [
			{
				"indexed": false,
				"internalType": "uint256",
				"name": "newFileSizeLimit",
				"type": "uint256"
			}
		],
		"name": "FileSizeLimitChanged",
		"type": "event"
	},
	{
		"anonymous": false,
		"inputs": [
			{
				"indexed": false,
				"internalType": "address",
				"name": "user",
				"type": "address"
			},
			{
				"indexed": false,
				"internalType": "uint256",
				"name": "amount",
				"type": "uint256"
			}
		],
		"name": "PaymentReceived",
		"type": "event"
	},
	{
		"anonymous": false,
		"inputs": [
			{
				"indexed": false,
				"internalType": "uint256",
				"name": "newDuration",
				"type": "uint256"
			}
		],
		"name": "UpgradeDurationChanged",
		"type": "event"
	},
	{
		"anonymous": false,
		"inputs": [
			{
				"indexed": false,
				"internalType": "uint256",
				"name": "newPrice",
				"type": "uint256"
			}
		],
		"name": "UpgradePriceChanged",
		"type": "event"
	},
	{
		"inputs": [
			{
				"internalType": "uint256",
				"name": "_newFileSizeLimit",
				"type": "uint256"
			}
		],
		"name": "changeFileSizeLimit",
		"outputs": [],
		"stateMutability": "nonpayable",
		"type": "function"
	},
	{
		"inputs": [
			{
				"internalType": "uint256",
				"name": "_newDuration",
				"type": "uint256"
			}
		],
		"name": "changeUpgradeDuration",
		"outputs": [],
		"stateMutability": "nonpayable",
		"type": "function"
	},
	{
		"inputs": [
			{
				"internalType": "uint256",
				"name": "_newPrice",
				"type": "uint256"
			}
		],
		"name": "changeUpgradePrice",
		"outputs": [],
		"stateMutability": "nonpayable",
		"type": "function"
	},
	{
		"inputs": [],
		"name": "getFileSizeLimit",
		"outputs": [
			{
				"internalType": "uint256",
				"name": "",
				"type": "uint256"
			}
		],
		"stateMutability": "view",
		"type": "function"
	},
	{
		"inputs": [
			{
				"internalType": "address",
				"name": "_user",
				"type": "address"
			}
		],
		"name": "getUserFiles",
		"outputs": [
			{
				"components": [
					{
						"internalType": "bool",
						"name": "starred",
						"type": "bool"
					},
					{
						"internalType": "uint256",
						"name": "fileSize",
						"type": "uint256"
					},
					{
						"internalType": "uint256",
						"name": "createdAt",
						"type": "uint256"
					},
					{
						"internalType": "string",
						"name": "name",
						"type": "string"
					},
					{
						"internalType": "string",
						"name": "fileHash",
						"type": "string"
					}
				],
				"internalType": "struct UploadBackend.File[]",
				"name": "",
				"type": "tuple[]"
			}
		],
		"stateMutability": "view",
		"type": "function"
	},
	{
		"inputs": [],
		"name": "owner",
		"outputs": [
			{
				"internalType": "address",
				"name": "",
				"type": "address"
			}
		],
		"stateMutability": "view",
		"type": "function"
	},
	{
		"inputs": [],
		"name": "receivePayment",
		"outputs": [],
		"stateMutability": "payable",
		"type": "function"
	},
	{
		"inputs": [
			{
				"internalType": "string",
				"name": "hash",
				"type": "string"
			},
			{
				"internalType": "bool",
				"name": "_star",
				"type": "bool"
			}
		],
		"name": "starFile",
		"outputs": [],
		"stateMutability": "nonpayable",
		"type": "function"
	},
	{
		"inputs": [
			{
				"internalType": "address",
				"name": "_newOwner",
				"type": "address"
			}
		],
		"name": "transferOwnership",
		"outputs": [],
		"stateMutability": "nonpayable",
		"type": "function"
	},
	{
		"inputs": [],
		"name": "upgradeDuration",
		"outputs": [
			{
				"internalType": "uint256",
				"name": "",
				"type": "uint256"
			}
		],
		"stateMutability": "view",
		"type": "function"
	},
	{
		"inputs": [],
		"name": "upgradePrice",
		"outputs": [
			{
				"internalType": "uint256",
				"name": "",
				"type": "uint256"
			}
		],
		"stateMutability": "view",
		"type": "function"
	},
	{
		"inputs": [
			{
				"internalType": "uint256",
				"name": "_fileSize",
				"type": "uint256"
			},
			{
				"internalType": "string",
				"name": "_name",
				"type": "string"
			},
			{
				"internalType": "string",
				"name": "_fileHash",
				"type": "string"
			}
		],
		"name": "uploadFile",
		"outputs": [],
		"stateMutability": "nonpayable",
		"type": "function"
	},
	{
		"inputs": [
			{
				"internalType": "address",
				"name": "",
				"type": "address"
			}
		],
		"name": "userFileSize",
		"outputs": [
			{
				"internalType": "uint256",
				"name": "",
				"type": "uint256"
			}
		],
		"stateMutability": "view",
		"type": "function"
	},
	{
		"inputs": [
			{
				"internalType": "address",
				"name": "",
				"type": "address"
			},
			{
				"internalType": "uint256",
				"name": "",
				"type": "uint256"
			}
		],
		"name": "userFiles",
		"outputs": [
			{
				"internalType": "bool",
				"name": "starred",
				"type": "bool"
			},
			{
				"internalType": "uint256",
				"name": "fileSize",
				"type": "uint256"
			},
			{
				"internalType": "uint256",
				"name": "createdAt",
				"type": "uint256"
			},
			{
				"internalType": "string",
				"name": "name",
				"type": "string"
			},
			{
				"internalType": "string",
				"name": "fileHash",
				"type": "string"
			}
		],
		"stateMutability": "view",
		"type": "function"
	},
	{
		"inputs": [
			{
				"internalType": "address",
				"name": "",
				"type": "address"
			}
		],
		"name": "userSubInfo",
		"outputs": [
			{
				"internalType": "bool",
				"name": "hasUpgraded",
				"type": "bool"
			},
			{
				"internalType": "uint256",
				"name": "upgradeTimestamp",
				"type": "uint256"
			}
		],
		"stateMutability": "view",
		"type": "function"
	},
	{
		"stateMutability": "payable",
		"type": "receive"
	}
]